{"cameraMode":{"drawMode":0,"name":"Shaded","section":"Shading Mode"},"sceneLighting":true,"audioPlay":false,"sceneViewState":{"m_AlwaysRefresh":false,"showFog":true,"showSkybox":true,"showFlares":true,"showImageEffects":true,"showParticleSystems":true,"showVisualEffectGraphs":true,"m_FxEnabled":true},"in2DMode":false,"pivot":{"x":2.625898599624634,"y":0.16654133796691895,"z":-0.8715181350708008},"rotation":{"x":-0.015687406063079835,"y":-0.974041223526001,"z":0.07083351165056229,"w":-0.2146328240633011},"size":2.5177674293518068,"orthographic":false}