{"cameraMode":{"drawMode":0,"name":"Shaded","section":"Shading Mode"},"sceneLighting":true,"audioPlay":false,"sceneViewState":{"m_AlwaysRefresh":false,"showFog":true,"showSkybox":true,"showFlares":true,"showImageEffects":true,"showParticleSystems":true,"showVisualEffectGraphs":true,"m_FxEnabled":true},"in2DMode":false,"pivot":{"x":0.43849754333496096,"y":6.447784423828125,"z":-19.892635345458986},"rotation":{"x":0.06990888714790344,"y":0.9246507287025452,"z":-0.20756876468658448,"w":0.3117814064025879},"size":33.86317443847656,"orthographic":true}