{"cameraMode":{"drawMode":0,"name":"Shaded","section":"Shading Mode"},"sceneLighting":true,"audioPlay":false,"sceneViewState":{"m_AlwaysRefresh":false,"showFog":true,"showSkybox":true,"showFlares":true,"showImageEffects":true,"showParticleSystems":true,"showVisualEffectGraphs":true,"m_FxEnabled":true},"in2DMode":false,"pivot":{"x":6.7082343101501469,"y":2.3254289627075197,"z":-9.471672058105469},"rotation":{"x":0.21289215981960298,"y":0.5629194974899292,"z":-0.15288737416267396,"w":0.7838528156280518},"size":11.288269996643067,"orthographic":true}