{"cameraMode":{"drawMode":0,"name":"Shaded","section":"Shading Mode"},"sceneLighting":true,"audioPlay":false,"sceneViewState":{"m_AlwaysRefresh":false,"showFog":true,"showSkybox":true,"showFlares":true,"showImageEffects":true,"showParticleSystems":true,"showVisualEffectGraphs":true,"m_FxEnabled":true},"in2DMode":false,"pivot":{"x":-5.082268714904785,"y":0.0736914873123169,"z":-0.6827907562255859},"rotation":{"x":0.20586444437503816,"y":-0.3919738233089447,"z":0.09045613557100296,"w":0.8920758366584778},"size":6.855025291442871,"orthographic":true}