{"cameraMode":{"drawMode":0,"name":"Shaded","section":"Shading Mode"},"sceneLighting":true,"audioPlay":false,"sceneViewState":{"m_AlwaysRefresh":false,"showFog":true,"showSkybox":true,"showFlares":true,"showImageEffects":true,"showParticleSystems":true,"showVisualEffectGraphs":true,"m_FxEnabled":true},"in2DMode":false,"pivot":{"x":-13.447752952575684,"y":3.058500051498413,"z":-0.9844536781311035},"rotation":{"x":0.2725929021835327,"y":-0.08530325442552567,"z":0.024263756349682809,"w":0.958063542842865},"size":7.895389080047607,"orthographic":true}