{"cameraMode":{"drawMode":0,"name":"Shaded","section":"Shading Mode"},"sceneLighting":true,"audioPlay":false,"sceneViewState":{"m_AlwaysRefresh":false,"showFog":true,"showSkybox":true,"showFlares":true,"showImageEffects":true,"showParticleSystems":true,"showVisualEffectGraphs":true,"m_FxEnabled":true},"in2DMode":false,"pivot":{"x":-2.4208884239196779,"y":-4.477474212646484,"z":6.638851165771484},"rotation":{"x":0.028688138350844384,"y":0.9608160257339478,"z":-0.25354325771331789,"w":0.10885065048933029},"size":15.67243480682373,"orthographic":true}